Chromosome	Start	Stop	Reference	Variant	Transcript	Transcript Support Level	Transcript Length	Canonical	MANE Select	Biotype	Transcript CDS Flags	Ensembl Gene ID	Variant Type	Mutation	Protein Position	Gene Name	HGVSc	HGVSp	HLA Allele	Peptide Length	Sub-peptide Position	Mutation Position	MT Epitope Seq	WT Epitope Seq	Best MT IC50 Score Method	Best MT IC50 Score	Corresponding WT IC50 Score	Corresponding Fold Change	Best MT Percentile Method	Best MT Percentile	Corresponding WT Percentile	Best MT IC50 Percentile Method	Best MT IC50 Percentile	Corresponding WT IC50 Percentile	Best MT Immunogenicity Percentile Method	Best MT Immunogenicity Percentile	Corresponding WT Immunogenicity Percentile	Best MT Presentation Percentile Method	Best MT Presentation Percentile	Corresponding WT Presentation Percentile	Tumor DNA Depth	Tumor DNA VAF	Tumor RNA Depth	Tumor RNA VAF	Normal Depth	Normal VAF	Gene Expression	Transcript Expression	Median MT IC50 Score	Median WT IC50 Score	Median Fold Change	Median MT Percentile	Median WT Percentile	Median MT IC50 Percentile	Median WT IC50 Percentile	Median MT Immunogenicity Percentile	Median WT Immunogenicity Percentile	Median MT Presentation Percentile	Median WT Presentation Percentile	BigMHC_EL WT Presentation Score	BigMHC_EL MT Presentation Score	BigMHC_EL WT Percentile	BigMHC_EL MT Percentile	BigMHC_IM WT Immunogenicity Score	BigMHC_IM MT Immunogenicity Score	BigMHC_IM WT Percentile	BigMHC_IM MT Percentile	MHCflurryEL Processing WT Score	MHCflurryEL Processing MT Score	MHCflurryEL Processing WT Percentile	MHCflurryEL Processing MT Percentile	MHCflurryEL Presentation WT Score	MHCflurryEL Presentation MT Score	MHCflurryEL Presentation WT Percentile	MHCflurryEL Presentation MT Percentile	MHCflurry WT IC50 Score	MHCflurry MT IC50 Score	MHCflurry WT Percentile	MHCflurry MT Percentile	MHCnuggetsI WT IC50 Score	MHCnuggetsI MT IC50 Score	MHCnuggetsI WT Percentile	MHCnuggetsI MT Percentile	MixMHCpred WT Binding Score	MixMHCpred MT Binding Score	MixMHCpred WT Percentile	MixMHCpred MT Percentile	PRIME WT Immunogenicity Score	PRIME MT Immunogenicity Score	PRIME WT Percentile	PRIME MT Percentile	NetMHC WT IC50 Score	NetMHC MT IC50 Score	NetMHC WT Percentile	NetMHC MT Percentile	NetMHCcons WT IC50 Score	NetMHCcons MT IC50 Score	NetMHCcons WT Percentile	NetMHCcons MT Percentile	NetMHCpan WT IC50 Score	NetMHCpan MT IC50 Score	NetMHCpan WT Percentile	NetMHCpan MT Percentile	NetMHCpanEL WT Presentation Score	NetMHCpanEL MT Presentation Score	NetMHCpanEL WT Percentile	NetMHCpanEL MT Percentile	PickPocket WT IC50 Score	PickPocket MT IC50 Score	PickPocket WT Percentile	PickPocket MT Percentile	SMM WT IC50 Score	SMM MT IC50 Score	SMM WT Percentile	SMM MT Percentile	SMMPMBEC WT IC50 Score	SMMPMBEC MT IC50 Score	SMMPMBEC WT Percentile	SMMPMBEC MT Percentile	Index	Gene of Interest	cterm_7mer_gravy_score	max_7mer_gravy_score	difficult_n_terminal_residue	c_terminal_cysteine	c_terminal_proline	cysteine_count	n_terminal_asparagine	asparagine_proline_bond_count
chr2	47806319	47806320	G	A	ENST00000234420.11	1	1360	True	True	protein_coding	None	ENSG00000116062	missense	D/N	1255	MSH6	ENST00000234420.11:c.3763G>A	ENSP00000234420.5:p.Asp1255Asn	HLA-B*45:01	9	7	3	VENYSQNVA	VEDYSQNVA	MHCflurry	51.583	70.684	1.37	MHCflurry	0.043	0.132	MHCflurry	0.043	0.132	PRIME	0.093	0.16	NetMHCpanEL	0.06	0.11	110	0.318	352	0.338	102	0.0	48.832	31.46	66.513	332.806	5.004	0.181	0.49	0.26	0.7	0.093	0.16	0.154	0.23	0.24439777	0.3044327	NA	NA	0.22792855	0.09055013	NA	NA	0.2653182651847601	0.2875388506799936	NA	NA	0.7551764879741132	0.819213278280914	0.3495380434782333	0.2481521739130414	70.6836794430428	51.58326044328104	0.131875	0.04275	408.96	61.42	1.13	0.29	-0.303584	-0.040002	0.199959	0.112861	0.082537	0.104631	0.16	0.093	430.94	60.56	0.63	0.09	382.02	79.14	0.85	0.26	356.26	69.9	0.3	0.09	0.660336	0.779517	0.11	0.06	309.352836369049	154.7818460245322	0.7	0.3	209.51252938524718	63.126251318022135	0.9	0.3	279.01014833714146	105.3464729980798	1.1	0.4	117.MSH6.ENST00000234420.11.missense.1255D/N	True	-0.9428571428571427	-0.9428571428571427	False	False	False	0	False	0
chr19	57397065	57397066	G	T	ENST00000336128.12	2	545	True	True	protein_coding	None	ENSG00000188785	missense	D/Y	24	ZNF548	ENST00000336128.12:c.70G>T	ENSP00000337555.6:p.Asp24Tyr	HLA-A*29:02	9	5	5	VVFEYVAIY	VVFEDVAIY	NetMHCpan	13.34	36.79	2.758	PRIME	0.004	0.033	MixMHCpred	0.016	0.036	PRIME	0.004	0.033	NetMHCpanEL	0.03	0.04	222	0.468	127	0.378	290	0.0	13.433	5.419	41.063	75.492	1.838	0.081	0.16	0.14	0.33	0.004	0.033	0.06	0.115	0.7824651	0.82314473	NA	NA	0.9132171	0.94690174	NA	NA	0.3141818195581436	0.4424116872251034	NA	NA	0.8561517615064937	0.9203413943936968	0.1898369565217166	0.0904347826086962	42.92867203952857	34.596282182837115	0.1305	0.071625	1030.94	770.2	0.11	0.06	0.409365	0.695909	0.03646	0.01556	0.195242	0.286782	0.033	0.004	70.86	21.92	0.33	0.14	47.85	22.08	0.53	0.31	36.79	13.34	0.11	0.04	0.848242	0.882212	0.04	0.03	792.984124177032	537.157411716568	0.6	0.3	80.12351621071439	59.12348154470372	0.6	0.5	82.40811875350839	47.53023920826961	0.6	0.4	878.ZNF548.ENST00000336128.12.missense.24D/Y	False	1.0285714285714287	1.8142857142857145	False	False	False	0	False	0
chr1	179109009	179109010	T	C	ENST00000502732.6	1	1182	True	True	protein_coding	None	ENSG00000143322	missense	T/A	753	ABL2	ENST00000502732.6:c.2257A>G	ENSP00000427562.1:p.Thr753Ala	HLA-B*82:02	9	9	1	APRLIKKTL	TPRLIKKTL	MHCnuggetsI	29.88	49.48	1.656	PRIME	0.003	0.007	MHCnuggetsI	0.05	0.15	PRIME	0.003	0.007	NetMHCpanEL	0.03	0.03	153	0.373	28	0.429	138	0.0	50.587	17.08	283.716	235.938	0.832	0.099	0.135	0.13	0.15	0.003	0.007	0.096	0.112	0.030265639	0.08469694	NA	NA	0.016247245	0.035582058	NA	NA	0.7773941829800606	0.8766599595546722	NA	NA	0.8541313288707394	0.8742942427922918	0.1930434782608614	0.1624999999999943	235.9384009731674	283.7159788283415	0.048625	0.068625	49.48	29.88	0.15	0.05	NA	NA	NA	NA	0.222009	0.25362	0.007	0.003	NA	NA	NA	NA	3410.16	4824.86	3.9	5.5	1467.09	1540.94	0.12	0.13	0.570328	0.56105	0.03	0.03	174.34467692156656	134.47247924652447	0.3	0.2	NA	NA	NA	NA	NA	NA	NA	NA	68.ABL2.ENST00000502732.6.missense.753T/A	True	-0.12857142857142861	-0.12857142857142861	False	False	False	0	False	0
chr15	100900576	100900577	G	T	ENST00000329841.10	1	512	True	True	protein_coding	None	ENSG00000184254	missense	D/Y	296	ALDH1A3	ENST00000329841.10:c.886G>T	ENSP00000332256.5:p.Asp296Tyr	HLA-A*29:02	9	1	9	IVCADADLY	IVCADADLD	NetMHCcons	28.01	29584.89	1056.226	MixMHCpred	0.197	16.792	MixMHCpred	0.197	16.792	PRIME	0.28	14.101	NetMHCpanEL	0.32	94.0	184	0.359	153	0.542	80	0.0	15.852	13.653	88.086	19997.861	227.025	0.39	30.6	0.4	29.0	0.28	14.101	0.594	96.643	0.0010252701	0.26074657	NA	NA	0.06045505	0.9604526	NA	NA	0.0006611131066165	0.026873446709942	NA	NA	0.0037001844871336	0.4788880923491518	99.28660326086955	0.8677173913042395	27297.000092175014	103.16287087330728	25.544875	0.4494999999999997	5865.11	2984.27	32.2	0.5	-2.751706	-0.297656	16.791514	0.197315	0.003444	0.083405	14.101	0.28	30561.94	73.01	38.0	0.33	29584.89	28.01	56.0	0.38	39452.69	142.0	64.0	0.28	1e-06	0.339829	94.0	0.32	11233.423801227658	1170.650925558883	29.0	1.2	12698.721539840877	54.2950203200968	22.0	0.5	10714.452898626647	43.54817906301674	19.0	0.4	761.ALDH1A3.ENST00000329841.10.missense.296D/Y	False	0.22857142857142848	1.1142857142857143	False	False	False	1	False	0
chr16	58516554	58516555	G	A	ENST00000219315.9	1	473	True	True	protein_coding	None	ENSG00000103037	missense	R/H	185	SETD6	ENST00000219315.9:c.554G>A	ENSP00000219315.5:p.Arg185His	HLA-A*29:02	9	4	6	DLANIHSEY	DLANIRSEY	NetMHCcons	57.2	207.3	3.624	MHCflurryEL Presentation	0.058	0.066	MixMHCpred	0.123	0.266	PRIME	0.082	0.517	MHCflurryEL Presentation	0.058	0.066	212	0.335	100	0.34	82	0.0	11.622	1.607	103.731	277.9	2.679	0.373	0.706	0.59	1.0	0.082	0.517	0.094	0.158	0.3131942	0.30494055	NA	NA	0.25577885	0.39339647	NA	NA	0.8651595860719681	0.7953365743160248	NA	NA	0.9371694312126558	0.9425709056808028	0.0657880434782782	0.058288043478285	124.04370280947413	87.1688602603132	0.5318749999999998	0.3756249999999998	4700.83	4420.3	1.54	1.1900000000000002	-0.435131	-0.070193	0.2656	0.122864	0.056459	0.146476	0.517	0.082	348.5	84.84	0.88	0.37	207.3	57.2	1.4	0.59	383.99	110.06	0.53	0.24	0.426668	0.628778	0.25	0.13	2579.005231766049	1946.610237380866	4.7	3.0	144.1318629293041	102.27276558978069	1.0	0.8	184.91408804394123	105.18892093811209	1.2	0.8	780.SETD6.ENST00000219315.9.missense.185R/H	False	-0.8571428571428571	-0.12857142857142861	False	False	False	0	False	0
chr17	45119014	45119029	TAGACGGTCGTTGTTG	T	ENST00000619929.5	1	789	True	True	protein_coding	None	ENSG00000161714	inframe_del	SNNDRL/S	233-238	PLCD3	ENST00000619929.5:c.699_713del	ENSP00000479636.1:p.Asn234_Leu238del	HLA-B*45:01	9	4	7, 8, 9	KECDHSEGA	KECDHSNND	MHCflurry	45.391	4547.502	100.184	MHCflurry	0.017	2.114	MHCflurry	0.017	2.114	PRIME	0.469	12.718	NetMHCpanEL	0.12	5.5	34	0.941	64	1.0	79	0.0	26.946	3.769	287.611	6773.136	23.55	0.504	8.7	0.63	8.2	0.469	12.718	0.314	8.565	9.231527e-05	0.0021016917	NA	NA	2.8180011e-05	0.0009571313	NA	NA	0.003673709812574	0.0132113786967238	NA	NA	0.0209560618493669	0.660300550940779	11.6303260869565	0.5077173913043254	4547.502106692334	45.39129984191171	2.11425	0.01675	14539.91	1084.51	15.23	2.08	-2.553157	-0.699226	10.166204	0.468326	0.003954	0.044959	12.718	0.469	11855.31	811.69	8.2	1.2	8998.77	265.87	5.6	0.63	16611.65	442.95	6.5	0.36	0.00376	0.60534	5.5	0.12	1765.990134027678	309.352836369049	5.7	0.7	3892.333104894427	132.8036465061352	14.0	0.5	2498.1585605184177	214.5951982349775	9.2	0.9	825.PLCD3.ENST00000619929.5.inframe_del.233-238SNNDRL/S	False	-1.0142857142857145	-1.0142857142857145	False	False	False	1	False	0
chrX	41344254	41344255	G	C	ENST00000644876.2	NA	662	True	True	protein_coding	None	ENSG00000215301	missense	R/T	294	DDX3X	ENST00000644876.2:c.881G>C	ENSP00000494040.1:p.Arg294Thr	HLA-A*29:02	9	8	2	STVRPCVVY	SRVRPCVVY	MHCflurry	59.586	2114.233	35.482	MHCflurryEL Presentation	0.158	1.784	MHCflurry	0.235	2.317	PRIME	0.789	3.217	MHCflurryEL Presentation	0.158	1.784	58	0.966	1381	0.999	72	0.014	158.794	5.354	288.963	6058.73	20.967	0.804	4.15	1.0	5.0	0.789	3.217	0.189	1.492	0.011806818	0.24398875	NA	NA	0.44012576	0.7163509	NA	NA	0.503467595204711	0.4574843067675829	NA	NA	0.2088506750083868	0.877850429601772	1.7838858695651538	0.1581249999999983	2114.2328618194574	59.58560936473737	2.317375	0.2354999999999999	5757.77	3888.56	15.28	0.8200000000000001	-1.741609	-0.864336	3.013741	0.586586	0.013275	0.04206	3.217	0.789	13660.45	1401.72	11.0	2.0	6792.19	307.68	8.0	1.7	6359.69	255.27	3.5	0.41	0.073173	0.477044	1.2	0.22	8853.903895775105	1097.0681145574165	24.0	1.0	1658.6700391832924	270.24645142997093	4.8	1.5	1819.5751624692966	255.25249743924823	5.0	1.5	980.DDX3X.ENST00000644876.2.missense.294R/T	True	1.1	1.1857142857142857	False	False	False	1	False	0
chrX	78015862	78015863	G	C	ENST00000341514.11	1	1500	True	True	protein_coding	None	ENSG00000165240	missense	D/H	870	ATP7A	ENST00000341514.11:c.2608G>C	ENSP00000345728.6:p.Asp870His	HLA-B*45:01	9	9	1	HESLITGEA	DESLITGEA	MHCflurry	41.746	70.827	1.697	MHCflurry	0.007	0.132	MHCflurry	0.007	0.132	PRIME	0.11	0.251	MHCflurryEL Presentation	0.04	0.161	55	0.982	41	0.951	58	0.0	5.153	1.293	164.31	360.223	2.192	0.332	0.546	0.4	1.0	0.11	0.251	0.055	0.15	0.015518331	0.42327523	NA	NA	0.0040618726	0.14008212	NA	NA	0.4987940760329366	0.670098103582859	NA	NA	0.8755020038697151	0.9556421251671884	0.1609239130434758	0.0396467391304469	70.82744867958986	41.74640700773205	0.131875	0.007375	9456.17	792.6	9.9	1.7000000000000002	-0.813265	-0.422324	0.592268	0.263308	0.065209	0.097889	0.251	0.11	1153.03	344.74	1.5	0.5	1430.07	222.4	2.2	0.57	258.02	72.07	0.23	0.09	0.561816	0.748732	0.14	0.07	456.6852893751565	344.7019992860435	1.3	0.9	263.76064733236075	106.22090566545151	1.0	0.4	128.71228490862194	100.83701938558458	0.5	0.4	998.ATP7A.ENST00000341514.11.missense.870D/H	False	0.6714285714285714	0.6714285714285714	False	False	False	0	False	0
chr1	154590262	154590263	T	A	ENST00000368471.8	1	931	False	False	protein_coding	None	ENSG00000160710	missense	E/V	511	ADAR	ENST00000368471.8:c.1532A>T	ENSP00000357456.3:p.Glu511Val	HLA-B*45:01	8	1	8	AERMGFTV	AERMGFTE	MHCnuggetsI	35.76	5006.82	140.012	MHCnuggetsI	0.17	5.88	MHCnuggetsI	0.17	5.88	PRIME	1.168	7.253	NetMHCpanEL	0.68	3.3	149	0.302	1233	0.348	139	0.007	131.835	36.828	369.996	3973.047	10.738	0.736	3.35	0.5	2.863	1.168	7.253	0.893	9.23	0.0015778284	0.16338801	NA	NA	0.0009780845	0.0190333	NA	NA	0.0954072199529036	0.318073745816946	NA	NA	0.0154345924426775	0.3816317997578522	15.160951086956516	1.105624999999847	8752.50950012111	448.9314063968191	2.8628749999999994	0.7923749999999993	5006.82	35.76	5.88	0.1699999999999999	-2.201182	-1.099623	6.218644	1.043771	0.006179	0.025025	7.253	1.168	2681.04	291.06	2.7	0.42	576.3	42.94	1.2	0.17	9108.39	738.33	3.4	0.5	0.011767	0.167543	3.3	0.68	704.0051280916676	289.90805501337366	0.9	0.2	5413.149231114247	4891.58945387667	4.9	4.1	2939.2735057988884	2090.4510376473654	2.1	1.1	49.ADAR.ENST00000368471.8.missense.511E/V	False	-0.0285714285714286	-0.0285714285714286	False	False	False	0	False	0
chr14	60724007	60724008	C	G	ENST00000216513.5	1	781	True	True	protein_coding	None	ENSG00000100625	missense	E/Q	23	SIX4	ENST00000216513.5:c.67G>C	ENSP00000216513.4:p.Glu23Gln	HLA-B*45:01	9	4	6	QENGMQSAS	QENGMESAS	MHCflurry	102.362	108.944	1.064	MixMHCpred	0.247	0.477	MixMHCpred	0.247	0.477	PRIME	0.362	0.414	NetMHCpanEL	0.3	0.52	12	1.0	76	0.987	17	0.0	15.017	2.619	448.145	460.964	1.029	0.678	0.77	0.97	0.94	0.362	0.414	0.608	0.735	0.00018518232	0.000562614	NA	NA	7.252714e-05	0.00014572199	NA	NA	0.0011441942333476	0.0012877602275693	NA	NA	0.443123815655435	0.4582341263669729	0.9495108695650742	0.9152445652172644	108.94393158606238	102.36205861128552	0.2726249999999998	0.2507499999999998	304.1	358.57	0.94	1.05	-0.708398	-0.391741	0.47744	0.246985	0.048408	0.052629	0.414	0.362	327.87	308.68	0.48	0.44	771.82	461.65	1.5	0.97	951.65	434.64	0.6	0.35	0.223304	0.366818	0.52	0.3	645.6305357438321	476.8841656614147	2.0	1.4	476.661417318934	496.83250319084004	1.7	1.8	445.26647759867143	545.2805414570211	1.6	2.0	686.SIX4.ENST00000216513.5.missense.23E/Q	False	-0.7571428571428571	-0.7571428571428571	True	False	False	0	False	0
chr11	62752450	62752451	G	A	ENST00000394807.5	1	524	True	True	protein_coding	None	ENSG00000185670	missense	S/F	405	ZBTB3	ENST00000394807.5:c.1214C>T	ENSP00000378286.4:p.Ser405Phe	HLA-A*29:02	9	3	7	EPLYLSFEY	EPLYLSSEY	SMMPMBEC	228.544	827.885	3.622	NetMHCpanEL	0.44	0.88	NetMHCpan	0.57	2.0	PRIME	1.062	4.124	NetMHCpanEL	0.44	0.88	115	0.67	148	0.601	53	0.0	13.703	7.771	382.42	2333.53	6.102	1.08	3.25	1.4	3.3	1.062	4.124	0.535	1.118	0.2342576	0.7992287	NA	NA	0.30189356	0.7312415	NA	NA	0.3507396187633276	0.4340654984116554	NA	NA	0.3023324408214692	0.5933713351165867	1.356195652173824	0.6294836956520982	727.6864703843464	282.43272251539616	1.4801249999999997	0.9345	5604.65	4980.22	8.01	2.14	-2.021703	-1.187329	4.972811	1.098262	0.010551	0.03431	4.124	1.062	1900.45	339.37	2.4	0.87	3665.8	917.7	5.3	2.7	2766.61	425.47	2.0	0.57	0.114855	0.252174	0.88	0.44	6682.848003569165	2607.0610014707204	18.0	4.7	905.2322128408484	306.7326452700804	3.3	1.6	827.8849734691154	228.54409252564076	3.2	1.4	596.ZBTB3.ENST00000394807.5.missense.405S/F	False	0.5000000000000001	0.5000000000000001	True	False	False	0	False	0
